{
    "openmm":{
        "acet_guan":{
            "acet":4.07659,
            "guan":5.35274
        },
        "acet_mamm":{
            "acet":4.13838,
            "mamm":3.43096
        },
        "acet_imim":{
            "acet":4.08232,
            "imim":4.72129
        },
        "esna_guan":{
            "esna":4.5938,
            "guan":5.37724
        },
        "esna_mamm":{
            "esna":4.58283,
            "mamm":3.446
        },
        "esna_imim":{
            "esna":4.59917,
            "imim":4.81308
        },
        "mso4_guan":{
            "mso4":4.73139,
            "guan":5.30059
        },
        "mso4_mamm":{
            "mso4":4.79119,
            "mamm":3.44256
        },
        "mso4_imim":{
            "mso4":4.73767,
            "imim":4.73767
        }
    },
    "gromacs":{
        "acet_guan":{
            "acet":4.09783,
            "guan":5.14855
        },
        "acet_mamm":{
            "acet":4.10683,
            "mamm":3.47501
        },
        "acet_imim":{
            "acet":4.1029,
            "imim":4.3133
        },
        "esna_guan":{
            "esna":4.45022,
            "guan":5.01088
        },
        "esna_mamm":{
            "esna":4.45498,
            "mamm":3.54294
        },
        "esna_imim":{
            "esna":4.45079,
            "imim":4.38069
        },
        "mso4_guan":{
            "mso4":4.59264,
            "guan":5.08346
        },
        "mso4_mamm":{
            "mso4":4.59046,
            "mamm":3.53921
        },
        "mso4_imim":{
            "mso4":4.66427,
            "imim":4.31358
        }
    },
    "namd":{
        "acet_guan":{
            "acet":4.02868,
            "guan":5.31215
        },
        "acet_mamm":{
            "acet":4.02167,
            "mamm":3.45223
        },
        "acet_imim":{
            "acet":4.03311,
            "imim":4.31864
        },
        "esna_guan":{
            "esna":4.40534,
            "guan":5.05002
        },
        "esna_mamm":{
            "esna":4.39998,
            "mamm":3.46990
        },
        "esna_imim":{
            "esna":4.41274,
            "imim":4.34099
        },
        "mso4_guan":{
            "mso4":4.47387,
            "guan":5.11811
        },
        "mso4_mamm":{
            "mso4":4.46971,
            "mamm":3.46850
        },
        "mso4_imim":{
            "mso4":4.48273,
            "imim":4.33929
        }
    }
}
