{
    "openmm":{
        "acet_guan":5.70689,
        "acet_mamm":4.06776,
        "acet_imim":5.28927,
        "esna_guan":6.23162,
        "esna_mamm":4.6537,
        "esna_imim":5.81142,
        "mso4_guan":6.36803,
        "mso4_mamm":4.7201,
        "mso4_imim":5.80631
    },
    "gromacs":{
        "acet_guan":5.42875,
        "acet_mamm":4.24723,
        "acet_imim":5.15492,
        "esna_guan":5.78178,
        "esna_mamm":4.45498,
        "esna_imim":5.29188,
        "mso4_guan":5.85474,
        "mso4_mamm":4.52037,
        "mso4_imim":5.43581
    },
    "namd":{
        "acet_guan":5.45476,
        "acet_mamm":4.16403,
        "acet_imim":5.24661,
        "esna_guan":5.98123,
        "esna_mamm":4.54307,
        "esna_imim":5.34552,
        "mso4_guan":6.12025,
        "mso4_mamm":4.54123,
        "mso4_imim":5.55859
    },
    "namd_scaled":{
        "acet_guan":6.11151,
        "acet_mamm":4.39116,
        "acet_imim":5.33514,
        "esna_guan":6.49841,
        "esna_mamm":4.84161,
        "esna_imim":5.71918,
        "mso4_guan":6.56241,
        "mso4_mamm":4.83622,
        "mso4_imim":5.64112
    },
    "namd_tip":{
        "acet_guan":5.41346,
        "acet_mamm":4.27405,
        "acet_imim":5.13706,
        "esna_guan":5.79208,
        "esna_mamm":4.57926,
        "esna_imim":5.37630,
        "mso4_guan":5.85778,
        "mso4_mamm":4.50505,
        "mso4_imim":5.37251
    },
    "namd_tip_scaled_app":{
        "acet_guan":5.99298,
        "acet_mamm":4.42849,
        "acet_imim":7.71160,
        "esna_guan":6.44709,
        "esna_mamm":4.80403,
        "esna_imim":7.74584,
        "mso4_guan":6.36731,
        "mso4_mamm":4.86874,
        "mso4_imim":7.87839
    },
    "namd_tip_scaled":{
        "acet_guan":5.99298,
        "acet_mamm":4.42849,
        "acet_imim":5.43721,
        "esna_guan":6.44709,
        "esna_mamm":4.80403,
        "esna_imim":5.60413,
        "mso4_guan":6.36731,
        "mso4_mamm":4.86874,
        "mso4_imim":5.59687
    }
}
